vast vastly vase vases vast_sums Vaseline vascular_surgery Vashadze Vases Vasbert_Drakes Vassilev Vasilev Vashu_Bhagnani Vassiliy_Jirov Vaselines vas Vastu Vashu Vashti_Bunyan VASSAR VASE vastu VASQUEZ Vassar_Clements Vasundhara_Das VASCO_V Vast_Majority vases_bowls Vasily_Petrenko Vasilis_Torosidis vast_archipelago_straddles Vast_swathes Vassily_Jirov vast_steppe Vasarely VaST_Systems_VDIworks_VeeAm Vast_Aire Vassily_Ivanchuk_Ukr vast_acreages Vasily_Kandinsky Vasantha_Balan Vast_expanses Vasks Vasanthabalan Vasif vascular_blockages Vashro Vasc Vasool_Raja_MBBS VASSELL Vasco_Era Vasif_Talibov VASSALLO Vastitas_Borealis Vassilis_Sevastis VASCULAR Vasool_Raja Vassar_Rawls_Funeral_Home Vasogen_Announces VASCO_Launches Vassily_Sinaisky Vasalakis Vasile_Tarlev Vasoolraja_MBBS Vascular_Grafts Vasilij_Zbogar Vasily_Kononov VASCO_Identity_Authentication vascular_occlusive_diseases vasectomy_reversed vasquez Vasu_Bhagnani Vasomotor_Symptoms Vasomedical_enhanced Vasden_displayed_kenaf_booms Vashj VASOGEN_INC. Vastly_Improved vases_platters VASH### Vasbert_Drakes_Mervyn_Dillon Vasudevacharya Vastly_Different Vasudhaiva Vassell_Samaras Vass_Lakeview_Elementary Vasseur_Casar_Albasini Vasantha_Arora_Washington vascular_endografts_catheters vases_candlesticks