Australia Australian Austria Australians Aussie Aussies auspices AUSTRALIA Australasia Australasian aussie australia Aussie_Rules AusAID Australian_Cricketers Australias Aussie_Millions AUSSIE australian AUSTRIA Australopithecus Australia_NZ_......... Australian_Schoolboys Austrian_skier Australopithecus_afarensis AusAid austin AUSSIES Austrian_Benjamin_Raich aussies aussi AUSTRALIA_OUT AUSTRIAN Austin_Aries_vs. AUSTRALIAN_OPEN Austria_Hermann_Maier Aussie_Vineyards_Ford-Cosworth/Lola/Bridgestone australia_viagra_soft Aus_bt Austria_Michaela_Dorfmeister Australia_#########_ESCALATOR Austin_Straubel Austalian AUSTRALIA_LIMITED australopithecines Austin_Bergstrom Austrlia australians Austin_Ejide Australopithecus_sediba Austerity_Measures AUSTRALIA_PRESS Australian_Merino_wool Austrian_Hermann_Maier austriamicrosystems_SIX_AMS Ausable_River australis Austro_German Australopithecus_africanus AUSTRALIA_PTY_LTD AUSTRALIA_PUMA_MASTER_FUND AUSTRALIAN_DOLLAR Australia_########_DIVCO Aussie_Aud_Usd austriamicrosystems_SWX_AMS austria Auslese AUSTRALIA_#######_MACQUARIE AUSTRALIA_NEW_ZEALAND Austerity_Plan austrian Austin_Drage Aussie_ladettes Auslogics aussie_kiwi_pair Austrian_Michaela_Dorfmeister Australopithecines Austria_Mario_Stecher AUSTIN_BUREAU Austria_Stephan_Eberharter Austrian_Renate_Goetschl Austin_Powers_Goldmember AUSTIN_POWERS australia_cialis_soft Australi Aussenkehr AUSTIN_PEAY Austrian_Fritz_Strobl aus_der_Kategorie australopithecine Austria_ATX AUSTRIA_OUT aussie_greenback_pair AUSTRALIA_PUMA_GLOBAL_TRUST Austrian_bmi_LOT Austin_Silvoy AUST_'S AUSTRALIA_PUMA_SUB_FUND Austinn_Jones AUSTRALIA_JZ Austin_Meys Australia_LNG_MIMI AUSTIN_FENNER Aust_NZ Ausone Australia_#########_MACQUARIE Austria_Bernhard_Eisel AUSSCHLIESSLICHER_INHALTLICHER_VERANTWORTUNG_DES Australien Australia_########_AIRPORT AUSTIN_JENKINS AUSTRALIA_####### Austr Australovenator AUSCHWITZ Auslogics_Disk_Defrag AUSSENDERS_***_OTE####_####-##-##/## AUSTRALIAN_PROPERTY_PTY_LIMITED AUSTERITY AUSIEX_MANAGEMENT_SERVICES_PTY Ausgabe AUSTRALIAN_INFORMATICS_PTY_LTD AUSTRALASIAN Austria_Christoph_Sumann Australia_ETRADE aus_den Australia_#########_ACCESS AUSTRALIA_CANADA AUSTRALIA_PTY_LTD_AUSTRALIA AUSTRALIAN_CLEARING_EXCHANGE_PTY austriamicrosystems_Introduces Australia_#########_CORIOLIS Australia_#######_GALANTHUS AUSTRALIA_LIMITED_AUSTRALIA AUSTEN AUSTRALASIA AUSTRALIA_LTD AUS_bt Aussie_quicks AUSTRALIAN_LABOR_PARTY AUSTIN_AUCTION_GALLERY austere_navigational_aids Australorp Australia_Hayden_Stoeckle AUSTRALIA_MACQUARIE_ESCALATOR Australia_RedBull_Renault AUSTIN_STATE_UNIVERSITY Austin_Peay_routs Australopithecus_anamensis AUS_st Australia_#########_BAROSSA AUSTIN_TX_Mar AUSTRALIA_PTY_LIMITED Austral_Islands Australian_Schoolboys_rugby AUSTRALIAN_SECURITIES_AND Aussie_paceman AUSTRALIAN_COMPETITION_AND Austrian_alps AUSTRALIA_HOLDINGS_PTY AUSTAN_GOOLSBEE Austrian_Georg_Streitberger AUSTRALIA_PUMA_MASTERFUND_P Australia_#######_ALEATORY AUSTRALIA_JAPAN Australia_BERKELEY_HOLDINGS Australia_BERKELEY_UNIT Australia_#########_BESPOKE AUSTRALIAN_FOOTBALL Australia_LNG_MiMi Australia_########_ALLOCA Australia_####-##-######_DORADO Australia_AMAZON_PARTICIPACOES AUSTIN_BAY aus_einem AUSTRALIAN_STOCK_EXCHANGE aussi_bien Australia_COWLEY_MAP Australia_#########_COIN AUSTRALIA_CANADA_JAPAN ausschließlich Australia_#########_CENTAURUS AUSTRALIA_CHINA Australia_ASX_IVA Australopithecus_genus AUSTIN_WRANGLERS Australia_#########_COONAWARRA aussi_que AUSTRALIAN_INVESTMENT_COMPANY_PTY Australia_#########_ESSENTIAL AUSTRALIA_SQUAD AUSTRALIA_MACQUARIE_TRUE_INDEX AUSTRALIA_Marketwire Australian_N.Z._Dollars AUST_CO AUSTRALIA_'S_ONLY Australia_#######_GENERATOR Australia_ELIZABETH_UNIT Australia_#########_FUNDCORP AUSTRALIA_PUMA_MASTERFUND Auslogics_Software Australia_#########_AOG AUS_HM_Plant Austex_Hot_Dog AUSSIES_IN Australia_Sharmin_Jassal Australia_#######_COLDAVA AUSTRALIAN_PROPERTY_LP AUSTRALIAN_MASTERS AUSTRALIA_MACQUARIE_AMERICAS_CORP AUSTRALIAN_GREENS