Cayman_Islands Cayman Cayenne Cayman_Brac Caymans Caymanian cayenne Caymanians cayenne_pepper Cayo Cayenne_S Cayard Cayon Cayston cays Cayenne_Turbo Cayenne_SUV Caythorpe cay Caylin CAYMAN_ISLANDS Cayennes Cayo_Costa Caymus Cays Cayenne_GTS cayman CAYUGA Caylie Cayo_Coco Cayenne_Hybrid Cayenne_Diesel Cayenne_Technologies_Ceedo cayenne_peppers Cayenne_Turbo_S Cayenne_pepper cayes Cayenne_S_Transsyberia CAYMAN Cayman_Cayman_Islands Caymen_Islands Cayman_Islands_Dominica Cayman_Islands_Dominica_Grenada Cayuga_Speedway Cayenne_Pepper Cayli cayuco Cayey_Puerto_Rico Caycedo Cayo_Levantado Cayden_Wyatt_Costner Cayman_Islands_Curacao_Dominica Cayamo Caymus_Vineyards CAYCE CAYMAN_ISLANDS_###########_DENEBOLA cayenne_powder CAYENNE Caylan_Davis CAYUGA_Ontario cayenne_cumin cayenne_paprika Caymans_southeastern Cayman_Islands_#########_CLARE cayenne_salt Caymus_Conundrum cayenne_pepper_paprika cayenne_pepper_sauce