dorm dorm_room dorky dork dorks dorsal_fin Dorji dorado dormant_volcano DORAN dory DOROTHY dorsal_fins DORIS Dorothee dor dormice Dorito dormouse Dornier_aircraft Dordain DORTMUND DORIE_TURNER DORM dorsolateral_prefrontal_cortex dories Dorotea Doroteo dorkiness Dorks DORSEY dormant_volcanoes dori Doriemus Dorper Dori_O'Neal DORAL Dorato_Resources_Inc. Dorian_Cassar_di_ve dorkiest DORO Doradus DORMAN Doremisoft dora Doriana dorky_glasses Doro_PhoneEasy Doris_Harwood DOREEN Dorham DOR_ricin_toxin dorkier DORA_THE DOR_assumes dorothy DORGAN Dorian_Hargrove DORN Doropoulos Doro_Pesch dormwear dort Dorothée DORFMAN DORK Dorpers Dorm_Rooms Doran_Lista_Racing DOROTHEE_THIESING DORR DORNEY DOREEN_CARVAJAL DORI DORKING Doresia_Krings Dory_Funk_Sr. DORIAN doro dorsal_spine DORATO_RESOURCES_INC. Dorchincez Dorset_Naga dormant_buds Dorcas_Ndasaba Dormicum dorade dorsi DOROTHY_de Dorje_Shugden doro_wat Dorper_sheep Dorf_Command Doric_column Dormont_Mt Dorans_Pride dormir Dorothea_Tanning dorsi_muscle Doris_Dörrie Dorothy_Korber_Bee Dorado_Schmitt dorsal_spines Dortheis_Sawaki Dorothy_Gaters Doraku Dorian_Beaupierre Doreen_Brandt_###Gay.com DORSETT Dorati Dorothy_Gaiter DOREL_INDUSTRIES_INC._CONSOLIDATED Dorothy_Copus_Brush Dorothy_Arzner Dorothy_Cottingham Dorenbos_replaced Dorothy_Dohanics Doree_Armstrong Doraleh_Container_Terminal Doremisoft_Mac DOR_BioPharma_assumes Doreen_Burliss Doris_Wishman DORI_MEINERT DOROTHY_BRANCH_story Dorian_Frankel DORNING Dorit_Baxter Dorset_Jurassic dormant_volcano_poking Doraku_restaurant Dorota_Niemczewska Doremi_server Dorothy_Jasperson_dorothy.jasperson_@ Doryx_® Dortmunder_Gold Dorfmeister_Wins Doron_Lamb_botched Doris_Sevigny Doreen_Leong Doray_Drive DOROTHY_ANDRIES Doro_PhoneEasy_###gsm Doris_Lessing_novelist Doremisoft_PDF DORRANCE Dorel_Marcu Dorwart_obituary_describes DORCHESTER_COUNTY dormitory_matron_sexually_assaulted dorzolamide_hydrochloride DOREL Dorrans_West_Brom DORIAN_GRAY DORIS_DAY