large larger largely Large large_scale larvae Larry_Bird Largely Larissa largemouth_bass lard Larkham LARRY largemouth LARGE larva larval largemouths large_nonstick_skillet larval_stage LARRY_NEUMEISTER LARA_JAKES_JORDAN larch Largest_Ever larry larking largish Larvae LARSON LARGEST Large_Magellanic_Cloud larkspur LARA_JAKES lar LARRY_LAGE Larry_Coryell large_saute_pan large_sauté_pan LARGER LARRY_MARGASAK Lara_Gut LARSEN laryngeal_cancer LARRY_CELONA LARRY_GRARD lardons Lars_Boom large_stockpot Larry_Fisher_QUAD Lars_von_Trier_Antichrist larky Large_Binocular_Telescope LARSSON Largemouth_Bass Large_Synoptic_Survey lardo Larger_Items Larry_Neild Largemouth_bass_fishing LARRY_O'DELL LARKIN Largo_Lad largo Larry_Kennan LARK Lara_Cooper_Noozhawk larvae_hatch Large_Telescope LARRY_CROWE Larina Larrañeta LAREIGN_WARD_Press Larger_Than LARRY_SMITH Larry_Mcshane Larry_Goldings larches LARRY_HIGGS_• Larrikin_Love larry_j_Well LARRY_McSHANE Larissa_Riquelme Larry_Abele larious Larry_Schutts LARRY_MCSHANE lara Largest_Cap Larissa_Cummings Laramidia LARGELY Largemouths larch_trees Larry_Emdur lard_ass laropiprant LARGE_SCALE Lars_von_Trier_Dogville Larry_Papke large_skillet_melt Larry_Stumes larb Larry_Stalbaum Larry_Karaszewski Laruen Larrabee_graphics Larry_Carson_larry.carson LARUE largemouth_smallmouth larval_fish laro Larger_Role LARS_surgery Lara_Gerrits LARISSA larf Larry_Rachleff Lar_#:##.## Larissa_Theodore LaRod Larroque Lars_Vogt large_ovenproof_skillet LARRY_ROHTER LARRY_HIGGS lars Larry_Untermeyer larkspurs Larisa_Alaverdyan LARISSA_GRAHAM larynx_abdomen_face LARGEST_HOLDINGS_BY Larut Larencce LARRY_RAND LARA_BRENCKLE larvae_burrow LARD LARSSON_* Larry_P._Vellequette Larry_Pressgrove Lars_Von_Trier_Antichrist Larger_Than_Expected Larmer_Tree_Festival Large_Format_Printers Largo_website_www.largoresources.com Larry_Bohannan_covers LARRY_P. largemouth_bass_bluegill Largest_Cruise_Ship Larry_Morgenweck Largest_Amount LARA_SETRAKIAN Larut_Matang LARCHMONT_NY LARS_AND large_flameproof_casserole LARGE_NUMBER_OF larger_crorepati_density largemouth_bass_smallmouth_bass LARCENY_MISDEMEANOR LARUSHKA_IVAN_ZADEH largement Lari_Pittman largely_lawless_Amazonas LARRY_PRINTZ larry@larrymagid.com LARGE_HAIL Lareign_Ward LARRY_WHEELER Larmore_F. LaRon_Byrd_caught LARCENY_OF largemouth_bass_crappie LARRY_KELLER LARUE_COUNTY Larry_Howery LARA_BRENCKLE_Of Larry_Kert Lara_Gould_Tv Large_Volume LARGE_CAP_FUND_SHOULD Larry_Vuckovich LARKSPUR LARGER_THAN_LIFE Larsson_Bowyer LARRY_BUGG Lardarius LARCENY_MISDEMEANOR_UNDER LaRue_SVP larga Larry_McMurtry_novel Larue_Barnes Largemouth_bass_bite Laryea_Kingson Lark_Previn_daughter LARIAT Larry_Rivelli Larry_Poons Lares_Puerto_Rico LARIMER Larsi LARGER_THAN Large_Format_Printer Larry_Skory_ETFO Larch_Hills LARCENY_AFTER_BREAK_ENTER Lara_capt Larc_Theft LARA_SALAHI Lars_Ulrich_Metallica Larry_Tornambe LAREN_WEBER larval_mosquitoes larry_king LARGE_AREA_OF larval_habitats Larisa_Griga Larry_Mahoney_BDN LARS_ULRICH Lara_Teeter LARA_CROFT LARRY_LIPMAN Larris_Allen LARRY_WILLIAMS Lara_Moscrip_CNNMoney.com largo_de LaRose_uttered Lara_Kaminski Larch_Clover_Community LARKSPUR_CA Larne_Holyhead LARGEST_EVER Larnaca_marina Lars_Von_Trier_Dogville Larionoff Larry_Checkon LARRY_FINE Larcom_Theatre LARRY_DAVID Lars_Poulsen_DENMARK LARA_CROFT_TOMB_RAIDER Larinto LARRY_'S Lara_Traczyk Larc_Petit_Theft LARRY_BALLARD_• LARRY_LEE Large_Diameter_Pipe LARRY_JAMES Larry_Ruehlen_• Largeman_Roth LARGE_HAIL_AND_DAMAGING Lark_Quarry LARRY_WELBORN Larkspur_ferry Larry_Mastin_USGS Larry_Borsato Large_Binocular_Telescope_LBT Larry_Mize_Craig_Stadler Larten_Crepsley LARISSA_CUMMINGS Lar_def larger_Heilong_River Largely_Ignored Larry_Schepici Large_Quantities Large_BRs_custom LARRY_HIGGS_COASTAL_MONMOUTH LARRY_GIBBS largo_plazo large_nonstick_sauté LARRABEE Larceny_Charges lark_sparrow Laree_Beans LARRY_OWEN Largest_Database Lars_Baron_Bongarts largemouth_bass_northern_pike Larkins_Falmouth LARGE_CAP LARCENY_THEFT Lars_Ryan_Gosling Larbre_Ferrari large_bloodstain_smeared LARRY_LEBOWITZ lark_bunting large_skillet_sauté LARRY_LEVIN Lardarius_Webb_punt lark_sparrow_common Larnell_McMorris_spokesman LARRY_KESSLER LARRY_NEUMEISTER_##.##.##_##:## LARISA Larger_Than_Thought larynx_esophagus Large_Bathers Lars_Torstensson_Investor large_nonstick_frying largest_moon_Charon Lars_Ulrik_Mortensen LARGE_AMOUNTS_OF LAROCQUE Larbre_Saleen LARGE_CROWD LARCENY_AFTER_B